id,name,email,city,hq_address,phone_number
BNE02,Brisbane Airport,castillojoseph@example.net,Brisbane,"6 Ware Copse Doughertystad, NSW, 2687",0425.061.371
PER01,Perth CBD,yhernandez@example.com,Perth,"Level 2 95 Jorge Vale St. Gary, NT, 2705",08-9854-6006
CBR01,Canberra Airport,feliciasalas@example.com,Canberra,"5 Julie Reach Lake Aaron, TAS, 2955",0495-403-281
MEL01,Melbourne CBD,lori00@example.net,Melbourne,"3 Tiffany Round Stonehaven, WA, 2687",(02) 6391 6842
MEL02,Melbourne Airport,moralesbrandon@example.com,Melbourne,"57 Bryan Circuit New Jason, ACT, 2968",0777304662
AKL01,Auckland Airport,nfuller@example.com,Auckland,"976 Reeves Street Webbland 2011",666 5759
AKL02,Auckland CBD,jeremysmith@example.com,Auckland,"85 Webb Street MacDonaldmouth 5504",+64273484326
WLG01,Wellington CBD,jonathan47@example.net,Wellington,"7 Rowland Reserve RD 2 Arawaka 1086",(04) 4059380
SYD01,Sydney CBD,wardchristopher@example.com,Sydney,"Flat 95 2 Ernest Laneway Alyssaburgh, WA, 2675",44428748